"Record no.",field_document_no,field_box_no,field_class_no,field_recent_acquisition_num,Date,Recipient(s),Sender(s),"Notes, topics or text ","Published / Form / Pieces ",field_form_text,field_pieces_no
237,047697,5.05,710,,1917/09/11,BR,"Brigstocke, W.O.","On reconstructing the passage on ""Thought"" from Principles of Social Reconstruction.",,ALS,2
238,047709,5.05,710,,1917/09/14,"Brigstocke, W.O.",BR,"BR explains the importance of rhythm and cadence in his prose and is honoured that his prose is compared with the biblical passage on charity.",,TL(CAR),1
74879,047698,5.05,710,,1917/09/16,BR,"Brigstocke, W.O.",,,ALS,1
75100,047699,5.05,710,,1919/04/27,BR,"Brigstocke, W.O.",,,ALS,1
75101,047700,5.05,710,,1919/05/07,BR,"Brigstocke, W.O.",,,ALS,1
75102,047701,5.05,710,,1919/05/07,BR,"Brigstocke, W.O.","This is a transcription of document .047701.  Also in the file: a carbon copy of this transcription.",,TL(TC),2
75103,047702,5.05,710,,1919/05/13,BR,"Brigstocke, W.O.","On Vaihinger.",,ALS,1
75104,047703,5.05,710,,1919/05/23,BR,"Brigstocke, W.O.",,,ALS,6
75105,047704,5.05,710,,1919/10/20,BR,"Brigstocke, W.O.","Brigstocke asks BR's permission to tell Vaihinger that he may send his book to BR.",,ALS,1
75106,047705,5.05,710,,1920/10/05,BR,"Brigstocke, W.O.",,,ALS,1
75107,047706,5.05,710,,1921/12/07,BR,"Brigstocke, W.O.","Brigstocke asks BR's support for a government loan for scientific investigation.",,ALS,1
75108,047707,5.05,710,,1921/12/17,BR,"Brigstocke, W.O.","BR has asked him to call.",,ALS,1
75109,047708,5.05,710,,1921/12/18,BR,"Brigstocke, W.O.",,,ALS,1